<?xml version="1.0" encoding="UTF-8"?>
<NamedCredential xmlns="http://soap.sforce.com/2006/04/metadata">
    <allowMergeFieldsInBody>false</allowMergeFieldsInBody>
    <allowMergeFieldsInHeader>false</allowMergeFieldsInHeader>
    <authProvider>self</authProvider>
    <calloutStatus>Enabled</calloutStatus>
    <endpoint>https://resourceful-raccoon-fx55ak-dev-ed.trailblaze.my.salesforce.com</endpoint>
    <generateAuthorizationHeader>true</generateAuthorizationHeader>
    <label>SelfOrg2</label>
    <oauthScope>full refresh_token offline_access</oauthScope>
    <principalType>NamedUser</principalType>
    <protocol>Oauth</protocol>
</NamedCredential>
