<?xml version="1.0" encoding="UTF-8"?>
<AuthProvider xmlns="http://soap.sforce.com/2006/04/metadata">
    <consumerKey>3MVG99gP.VbJma8UfzaO..rqz.paGQJWTo_Fmbmn8afOD6b2_oQBTYwLPVgGe7cl1MpNYo7.jOY_hQB2C4uOc</consumerKey>
    <consumerSecret>Placeholder_Value</consumerSecret>
    <defaultScopes>full refresh_token offline_access</defaultScopes>
    <friendlyName>self</friendlyName>
    <includeOrgIdInIdentifier>true</includeOrgIdInIdentifier>
    <providerType>Salesforce</providerType>
    <requireMfa>false</requireMfa>
    <sendAccessTokenInHeader>false</sendAccessTokenInHeader>
    <sendClientCredentialsInHeader>false</sendClientCredentialsInHeader>
    <sendSecretInApis>true</sendSecretInApis>
</AuthProvider>
