<?xml version="1.0" encoding="UTF-8"?>
<ConnectedApp xmlns="http://soap.sforce.com/2006/04/metadata">
    <contactEmail>saitejleo13@gmail.com</contactEmail>
    <label>selfConnection</label>
    <oauthConfig>
        <callbackUrl>https://resourceful-raccoon-fx55ak-dev-ed.trailblaze.my.salesforce.com/services/authcallback/self</callbackUrl>
        <consumerKey>3MVG99gP.VbJma8UfzaO..rqz.paGQJWTo_Fmbmn8afOD6b2_oQBTYwLPVgGe7cl1MpNYo7.jOY_hQB2C4uOc</consumerKey>
        <isAdminApproved>false</isAdminApproved>
        <isClientCredentialEnabled>false</isClientCredentialEnabled>
        <isCodeCredentialEnabled>false</isCodeCredentialEnabled>
        <isCodeCredentialPostOnly>false</isCodeCredentialPostOnly>
        <isConsumerSecretOptional>false</isConsumerSecretOptional>
        <isIntrospectAllTokens>false</isIntrospectAllTokens>
        <isNamedUserJwtEnabled>false</isNamedUserJwtEnabled>
        <isSecretRequiredForRefreshToken>true</isSecretRequiredForRefreshToken>
        <scopes>Full</scopes>
        <scopes>RefreshToken</scopes>
    </oauthConfig>
    <oauthPolicy>
        <ipRelaxation>BYPASS</ipRelaxation>
        <refreshTokenPolicy>infinite</refreshTokenPolicy>
    </oauthPolicy>
    <sessionPolicy>
        <sessionTimeout>1440</sessionTimeout>
    </sessionPolicy>
</ConnectedApp>
