<?xml version="1.0" encoding="UTF-8"?>
<Profile xmlns="http://soap.sforce.com/2006/04/metadata">
    <classAccesses>
        <apexClass>Case_ShipmentStatusController</apexClass>
        <enabled>true</enabled>
    </classAccesses>
    <classAccesses>
        <apexClass>MockShippingStatusService</apexClass>
        <enabled>true</enabled>
    </classAccesses>
    <custom>false</custom>
    <fieldPermissions>
        <editable>true</editable>
        <field>Case.Shipment_Tracking_Number__c</field>
        <readable>true</readable>
    </fieldPermissions>
    <layoutAssignments>
        <layout>Case-Case Layout</layout>
    </layoutAssignments>
    <loginIpRanges>
        <endAddress>255.255.255.255</endAddress>
        <startAddress>0.0.0.0</startAddress>
    </loginIpRanges>
    <userLicense>Salesforce</userLicense>
</Profile>
